{
  "mirt.stations.arrival.richard": {
    "sounds": [
      { "name": "mirt:stations/arrival/richard" 
}
    ]
  },
  "mirt.stations.arrival.zver": {
    "sounds": [
      { "name": "mirt:stations/arrival/zver" }
    ]
  },
  "mirt.stations.arrival.mosqv": {
    "sounds": [
      { "name": "mirt:stations/arrival/mosqv" }
    ]
  },
  "mirt.stations.arrival.aeroport": {
    "sounds": [
      { "name": "mirt:stations/arrival/aeroport" }
    ]
  },
  "mirt.stations.arrival.huda": {
    "sounds": [
      { "name": "mirt:stations/arrival/huda" }
    ]
  },
  "mirt.stations.arrival.riga": {
    "sounds": [
      { "name": "mirt:stations/arrival/riga" }
    ]
  }
}
